Welle,Art,Gegner,tot,durch,Leben,LP,Schaden,Kmd,Übrig,Route,Req,KP,Stellungen,Bewertung
1,Horde,21,21,0,20,750,750,0,1329,44.4,35,1,0/1/0/0/0+0,passt
2,Horde,10,10,0,20,784,784,0,206,51.2,47,2,0/2/0/0/0+0,zu leicht
3,Horde,14,14,0,20,1229,1229,0,520,62.6,48,3,0/3/0/0/0+0,zu leicht
4,Warp,12,12,0,20,1672,1672,0,224,67.8,100,4,0/3/1/0/0+0,zu leicht
5,Gemischt,24,24,0,20,2832,2832,0,901,67.8,166,5,0/4/1/0/0+0,zu leicht
6,Horde,35,35,0,20,2203,2203,0,1195,69.6,222,6,0/5/1/0/0+0,zu leicht
7,Panzer,34,34,0,20,5369,5369,0,1381,78.7,113,7,0/5/1/1/0+0,zu leicht
8,Flieger,22,8,14,6,2697,2206,0,225,78.7,134,7,0/6/1/1/0+0,passt
9,Warp,20,20,0,6,4779,4829,0,1766,78.7,199,8,0/6/1/2/0+0,zu leicht
10,Boss,56,56,0,6,10344,10344,0,3233,78.7,151,12,0/5/1/2/0+1,zu leicht
11,Horde,41,41,0,6,4441,4441,0,3008,81.6,218,13,0/5/1/3/0+1,zu leicht
12,Panzer,41,41,0,6,11201,11201,0,2942,82.7,328,14,0/5/1/4/0+1,zu leicht
13,Flieger,27,27,0,6,5883,5883,0,2116,86.7,174,15,0/5/1/4/0+2,zu leicht
14,Warp,22,22,0,6,9251,9363,0,1723,90.1,270,16,0/5/2/4/0+2,zu leicht
15,Gemischt,54,54,0,6,16812,17089,0,2737,91,407,17,0/6/2/4/0+2,zu leicht
16,Horde,46,46,0,6,8867,8867,0,2375,91,135,18,0/6/3/4/0+2,zu leicht
17,Panzer,44,44,0,6,21947,21947,0,1381,95,259,19,0/6/3/4/0+3,zu leicht
18,Flieger,29,29,0,6,11054,11054,0,2655,95,341,20,0/6/3/5/0+3,zu leicht
19,Warp,25,25,0,6,18687,19033,0,931,95,452,21,0/6/3/5/1+3,zu leicht
20,Boss,20,20,0,6,51935,42093,11326,610,95,564,21,0/6/3/6/1+3,passt
21,Horde,53,53,0,6,18039,18039,0,2670,96.7,655,22,0/6/3/6/2+3,zu leicht
22,Panzer,51,51,0,6,44080,44080,0,1806,100.1,798,23,0/6/3/6/3+3,zu leicht
23,Flieger,34,34,0,6,22991,22991,0,1582,100.1,888,24,0/6/3/6/3+4,zu leicht
24,Warp,28,28,0,6,36591,41973,0,1131,108.1,1014,25,0/6/3/6/4+4,zu leicht
25,Gemischt,69,69,0,6,66482,68496,0,25952,108.1,1192,26,0/6/3/6/5+4,zu leicht
26,Horde,58,58,0,6,35020,35020,0,26760,108.1,1254,27,0/6/3/6/6+4,zu leicht
27,Panzer,58,58,0,6,87204,87204,0,20590,108.1,1371,28,0/6/3/6/4+5,zu leicht
28,Flieger,36,36,0,6,42650,42650,0,3997,108.1,1457,29,0/6/3/6/4+6,zu leicht
29,Warp,31,31,0,6,71891,75677,0,8746,108.1,1543,30,0/6/4/6/4+6,zu leicht
30,Boss,20,19,1,1,176014,188674,0,5596,108.1,1599,30,0/6/4/5/4+7,zu schwer
31,Horde,64,64,0,1,67110,67110,0,32332,108.1,1647,31,0/6/4/5/5+7,zu leicht
32,Panzer,60,60,0,1,163413,163413,0,16524,108.1,1751,32,0/6/4/6/5+7,zu leicht
33,Flieger,41,41,0,1,86062,86062,0,6258,108.1,1830,33,0/6/4/7/5+7,zu leicht
34,Warp,33,33,0,1,134693,148847,0,13303,108.1,1377,34,0/6/4/7/6+7,zu leicht
35,Gemischt,84,84,1,0,673666,291649,137185,30999,60.7,570,24,0/6/4/8/6+7,
